fragment,song
fragment_PICX,song_TZCT
fragment_BSLG,song_CKOK
fragment_IFPQ,song_XEJE
fragment_EXKW,song_DCAT
fragment_TFIF,song_LTHX
fragment_UUFV,song_FAJU
fragment_TQEJ,song_UVVR
fragment_SFTL,song_UVTU
fragment_LQAG,song_AONU
fragment_LOKG,song_CKZV
fragment_BLIO,song_EDID
fragment_XOWT,song_KCBH
fragment_SDCY,song_UCZR
fragment_OZOO,song_UQTB
fragment_DPHM,song_ACJV
fragment_LBOY,song_CKOK
fragment_EJJG,song_OTNR
fragment_RTLB,song_FPLD
fragment_JISN,song_KIGD
fragment_FWZH,song_KROZ
fragment_SCDX,song_OWXD
fragment_QVZU,song_HYCT
fragment_QKPQ,song_OJIO
fragment_IMPH,song_RXQX
fragment_TZXC,song_AZHI
fragment_VIIL,song_XHFU
fragment_IZBQ,song_YHSK
fragment_REQN,song_BFEM
fragment_OVEO,song_UQZK
fragment_ELSB,song_WLAZ
fragment_WNFG,song_TKVV
fragment_VCES,song_UQTB
fragment_RPWA,song_QCKY
fragment_MMGM,song_VWTJ
fragment_SDZT,song_LUYS
fragment_ORPD,song_ITNV
fragment_WHCB,song_KQVJ
fragment_JZOV,song_SOJE
fragment_EVMH,song_JUAO
fragment_MIDO,song_EGYI
fragment_MEOD,song_FQJL
fragment_OVXZ,song_WLAZ
fragment_CBPA,song_IHIL
fragment_PVFG,song_TSTL
fragment_MKGY,song_YQCQ
fragment_ALSV,song_EQVO
fragment_UTBB,song_CEKK
fragment_YTAN,song_DEUE
fragment_KNFZ,song_FKUU
fragment_MTIE,song_BDEA
fragment_LRBU,song_YDTT
fragment_GPMM,song_AZHI
fragment_RIGG,song_YVKA
fragment_WMXI,song_ETVV
fragment_CYXP,song_GWIO
fragment_JCCW,song_UGIV
fragment_LZZY,song_ZXOQ
fragment_LATT,song_IBIP
fragment_JWIQ,song_MTAG
fragment_BHUZ,song_GBAB
fragment_IIML,song_YSHG
fragment_KIZC,song_FPLD
fragment_GFXA,song_MOYS
fragment_QFMX,song_YCBN
fragment_SECF,song_JJDR
fragment_LUNP,song_ZGSO
fragment_YESX,song_DJNA
fragment_RNHS,song_MZDV
fragment_HIVD,song_SOJB
fragment_QPSH,song_NRHJ
fragment_BLPW,song_LAAH
fragment_ONPL,song_SIPR
fragment_UEHQ,song_SBHM
fragment_DSPC,song_CDTU
fragment_PSQI,song_DASU
fragment_VVSS,song_JATZ
fragment_WFMI,song_GSWB
fragment_IKCH,song_CHWT
fragment_RYLA,song_IOYL
fragment_RCMV,song_WQMV
fragment_IWNG,song_YDTT
fragment_NIMR,song_DQMM
fragment_UUDP,song_OWXD
fragment_YJXP,song_WPUT
fragment_RLPL,song_PFQQ
fragment_ULVD,song_GRNK
fragment_DCRH,song_WPVZ
fragment_PRPR,song_BUOT
fragment_GQAW,song_PVAN
fragment_OUKI,song_RQYD
fragment_EIMP,song_WGLG
fragment_AYQM,song_MKXN
fragment_FYIO,song_MCZX
fragment_DWUY,song_WYNZ
fragment_MUUB,song_AVAM
fragment_VHBU,song_BGAE
fragment_XIWN,song_BSUV
fragment_JZOM,song_KBXZ
fragment_ATKI,song_BWFW
fragment_ILXB,song_BJFN
fragment_NVUE,song_SOJE
fragment_BQQS,song_GMSB
fragment_HOGD,song_JFUI
fragment_SEUY,song_QZNI
fragment_BSWN,song_CRRE
fragment_MJGM,song_OQAO
fragment_AXOA,song_UQII
fragment_KXGP,song_MPNE
fragment_AQAU,song_DKYI
fragment_HJZQ,song_GSWB
fragment_OAPS,song_UQTB
fragment_QADB,song_CMTS
fragment_TGXD,song_YXTC
fragment_CCZC,song_JATZ
fragment_YURZ,song_VTCE
fragment_HHDO,song_JRMG
fragment_MHTC,song_CZCF
fragment_URNQ,song_FRWL
fragment_MEWK,song_USQE
fragment_NFKN,song_UUTT
fragment_MCAO,song_JAXE
fragment_GCHM,song_FZOV
fragment_KUBK,song_AONU
fragment_MIVG,song_UGIV
fragment_AKOO,song_CMNJ
fragment_XOZL,song_GZSG
fragment_HWAN,song_KEUX
fragment_YCAH,song_DWHY
fragment_DIPY,song_HIPX
fragment_ZCFS,song_FQJL
fragment_KGRE,song_KMEV
fragment_JXKM,song_TZCT
fragment_BVHK,song_DCAT
fragment_HFPF,song_XEJE
fragment_BNBD,song_ZGSO
fragment_FVTJ,song_VOWJ
fragment_ROED,song_MGCJ
fragment_TYTR,song_CKOK
fragment_LXFU,song_DYPH
fragment_YXFE,song_ZCUM
fragment_FTPB,song_MGCJ
fragment_QWRW,song_UHCI
fragment_GOWB,song_CZSO
fragment_TNHC,song_ZBTD
fragment_NJOD,song_BTEG
fragment_DNLW,song_KMEV
fragment_KDLQ,song_PFGS
fragment_XQGQ,song_YBPW
fragment_TBWS,song_JATZ
fragment_OMXD,song_BGAE
fragment_CJAR,song_MFJD
fragment_CAND,song_IIIG
fragment_FTVO,song_MBNX
fragment_ZFYZ,song_GBAB
fragment_ZAEA,song_ITNV
fragment_DTVU,song_YCBN
fragment_PSTL,song_EEHT
fragment_ARFI,song_KWUH
fragment_VGWN,song_JAXE
fragment_NYGQ,song_UCZR
fragment_EOTU,song_UVTU
fragment_NHVQ,song_VMEU
fragment_RQVU,song_HQZV
fragment_BQVT,song_DVTD
fragment_GOHA,song_PJSD
fragment_LNXD,song_YCMA
fragment_AJJN,song_HFJY
fragment_BHHZ,song_XHFU
fragment_MHKM,song_JVED
fragment_WYZV,song_BVWY
fragment_QLOS,song_JFUI
fragment_ZLLM,song_FIUX
fragment_YZYY,song_MWYB
fragment_OTQY,song_PFQQ
fragment_FQOY,song_NLVL
fragment_DKDC,song_PVZP
fragment_VQAY,song_YSKL
fragment_RKRE,song_TZCT
fragment_MNPR,song_DCAT
fragment_HLUD,song_QJII
fragment_XJAP,song_UVTU
fragment_LBUL,song_MKIC
fragment_BPFN,song_FAJU
fragment_QGDN,song_YBPW
fragment_UDFU,song_PFGS
fragment_ITKT,song_NLVL
fragment_RVNJ,song_VBNU
fragment_UONV,song_LTHX
fragment_IFHL,song_HEJH
fragment_PLUD,song_DYPH
fragment_GXDI,song_WIYE
fragment_UCPQ,song_YQCQ
fragment_EJAB,song_UVCU
fragment_GZKP,song_WPVZ
fragment_FFDM,song_CKOK
fragment_QHWG,song_BJFN
fragment_TRJH,song_PVAN
fragment_AIXI,song_DMZV
fragment_OOBA,song_CVNN
fragment_QHVZ,song_RTZP
fragment_TYOT,song_SYUU
fragment_ANSM,song_SGWX
fragment_TERG,song_ZMIX
fragment_UBPQ,song_LUZZ
fragment_IUSK,song_ZFUJ
fragment_TLBH,song_PYYH
fragment_KKHO,song_XHFU
fragment_PXBC,song_FCEV
fragment_HEGC,song_JRMG
fragment_HGLB,song_JVXB
fragment_NIKM,song_KEUX
fragment_NVDA,song_DFRJ
fragment_IKRS,song_FKKX
fragment_QSCE,song_RWCX
fragment_ZEMO,song_ECDC
fragment_MUHE,song_DMZV
fragment_QACG,song_YVKA
fragment_JODM,song_UHCI
fragment_FWBG,song_KMKN
fragment_EYEG,song_ZIRJ
fragment_UVTL,song_OSQK
fragment_BMTC,song_TJTH
fragment_GITJ,song_FCEV
fragment_JQWO,song_QCKY
fragment_LOSI,song_FCCS
fragment_WLDQ,song_HIPX
fragment_VCFC,song_MKIC
fragment_CEOW,song_UVTU
fragment_JSZJ,song_ZCUM
fragment_PSMG,song_NOLZ
fragment_OJQM,song_HANM
fragment_KDPN,song_RGWE
fragment_VDAT,song_MFJD
fragment_YDMN,song_SDLC
fragment_ZJFH,song_ZXOQ
fragment_KJGH,song_BDEA
fragment_KLYY,song_UUTT
fragment_BMNC,song_RJGQ
fragment_MTTR,song_UDWN
fragment_HKWL,song_LTHX
fragment_IUCN,song_EXGR
fragment_NQNV,song_MEKT
fragment_QPIC,song_LKSX
fragment_GXYZ,song_UIWL
fragment_QBZU,song_TAGQ
fragment_JHQC,song_KSUG
fragment_QOOF,song_ENGH
fragment_SUFR,song_OFBA
fragment_JTMM,song_DGJE
fragment_OWVF,song_JVED
fragment_DHWK,song_UKQI
fragment_TPRY,song_GPRH
fragment_EKLJ,song_NQIW
fragment_MRHD,song_LUYS
fragment_HBHO,song_ZIRJ
fragment_JHOJ,song_XIDG
fragment_KKZE,song_MLQJ
fragment_MEXN,song_RNTT
fragment_SEVZ,song_SDLC
fragment_RXXL,song_BJFN
fragment_IAWZ,song_WPVZ
fragment_FZVP,song_DDDU
fragment_WMIC,song_HYFP
fragment_NUXG,song_CPRP
fragment_WROB,song_JRVQ
fragment_JSAB,song_ORJV
fragment_RIAY,song_YSKL
fragment_QCWV,song_ICKE
fragment_INDW,song_AONU
fragment_VHCK,song_GYLE
fragment_JJOB,song_MWYB
fragment_DRYW,song_MBNX
fragment_YFLS,song_NQSG
fragment_KYSR,song_YQMW
fragment_GRZB,song_UVTU
fragment_WYQY,song_JFUI
fragment_JVSM,song_GBPU
fragment_PCBY,song_PYYH
fragment_IROE,song_WLAZ
fragment_SMSV,song_GVCE
fragment_ZJAV,song_VEKW
fragment_OQCM,song_YAYE
fragment_KVYT,song_CQFI
fragment_NUDB,song_HFJY
fragment_WGBR,song_HEJH
fragment_KAVK,song_NWGO
fragment_QMYK,song_IIMX
fragment_LGJM,song_ORJV
fragment_GJJW,song_SDLC
fragment_QGFM,song_UOLP
fragment_EKXI,song_PDGT
fragment_CWBL,song_HQZV
fragment_WBWY,song_DBFW
fragment_ZLJZ,song_PVAB
fragment_VPBX,song_QHWZ
fragment_NNPI,song_ASPF
fragment_DATJ,song_FWQN
fragment_WPGR,song_SBHM
fragment_RYBC,song_SPPF
fragment_XDJI,song_DEUE
fragment_HVWJ,song_XHFU
fragment_JBSQ,song_HYFP
fragment_IBJP,song_GQLW
fragment_XKWD,song_YLGU
fragment_VEOK,song_OTNR
fragment_EYRU,song_VMEU
fragment_SBPJ,song_COFP
fragment_QSZR,song_ORJV
fragment_KIQF,song_QCKY
fragment_ACEY,song_KMKN
fragment_OGFD,song_WXTK
fragment_QPAN,song_JOZN
fragment_DLOE,song_MBNX
fragment_GBPA,song_UGIV
fragment_NISW,song_QRAS
fragment_HULW,song_FRWL
fragment_WPHM,song_NHWL
fragment_YJOD,song_GRNK
fragment_QGIJ,song_YQOH
fragment_UVOG,song_BTAP
fragment_FYDN,song_LZHQ
fragment_FRZL,song_TUNE
fragment_OMHU,song_FBUJ
fragment_IABS,song_UVVR
fragment_UDZI,song_LZOV
fragment_IFSY,song_CKOK
fragment_JQMM,song_JATZ
fragment_JFBD,song_DGJE
fragment_XING,song_XFEO
fragment_WCEP,song_MFJD
fragment_EZYS,song_WFMD
fragment_QNGN,song_QYNV
fragment_GXTB,song_KQVJ
fragment_YPYD,song_FJTF
fragment_SSLG,song_NQCS
fragment_QUFO,song_HZXQ
fragment_WXMC,song_YIFE
fragment_UIQY,song_FBUJ
fragment_FVEP,song_DDDU
fragment_QXLI,song_WVQF
fragment_IKKG,song_ZBTD
fragment_LJRY,song_FPLD
fragment_UROO,song_WIYE
fragment_BVEN,song_FRWM
fragment_QAIF,song_ZMIX
fragment_DIVE,song_FBUJ
fragment_BQUR,song_OSQK
fragment_PVYG,song_QFPF
fragment_QANR,song_JUAO
fragment_LHDI,song_SASD
fragment_FOOY,song_OWXD
fragment_SXIA,song_KIGD
fragment_XXPV,song_IHIL
fragment_IVZE,song_GBPU
fragment_OOXH,song_FWQN
fragment_URNV,song_MMYN
fragment_TRJZ,song_TIMY
fragment_AYSO,song_IIIG
fragment_IDTU,song_WIYE
fragment_FZPH,song_NWGO
fragment_GUEA,song_RXSP
fragment_NVFD,song_SDLC
fragment_GLBQ,song_KQVJ
fragment_JRHG,song_KOKJ
fragment_NAGB,song_JVQR
fragment_MFDX,song_SXCD
fragment_NAXW,song_BJFN
fragment_IGRV,song_UHCI
fragment_IKPL,song_SXPV
fragment_HOGZ,song_MWYB
fragment_JMQH,song_UOLP
fragment_CEBB,song_QRAS
fragment_BOZJ,song_RNTF
fragment_YPJO,song_NQCS
fragment_UPKX,song_ZBTD
fragment_OIKM,song_RGWE
fragment_ABZX,song_EQIE
fragment_AEFQ,song_YVKA
fragment_ISHS,song_NZUS
fragment_XNNG,song_SYUU
fragment_RMBG,song_XNTN
fragment_EQZX,song_FRWM
fragment_NZHO,song_CCOV
fragment_CZND,song_KALZ
fragment_JMOE,song_IIMX
fragment_YEPF,song_JAXE
fragment_NFTE,song_QJJZ
fragment_NJAC,song_UQZK
fragment_RIUM,song_GCRF
fragment_UXEL,song_IHIL
fragment_SJQS,song_BGAE
fragment_RSXN,song_SOLJ
fragment_CWER,song_LZHQ
fragment_JZCP,song_SCEY
fragment_VSNC,song_NZLY
fragment_GMUK,song_LAAH
fragment_ZVRY,song_MDLX
fragment_XEPZ,song_WYNZ
fragment_TJCH,song_BGAE
fragment_HJUZ,song_SNMH
fragment_BWYG,song_UZBI
fragment_GNPO,song_RGWE
fragment_ZTOQ,song_NDYR
fragment_SWVX,song_YSHG
fragment_PMTM,song_GRNK
fragment_ULLL,song_CZSO
fragment_KGZY,song_EPFT
fragment_JRSC,song_YXJJ
fragment_UUUF,song_SGWX
fragment_OINS,song_LIEY
fragment_SSSG,song_LUZZ
fragment_QNZP,song_DEUE
fragment_IKWX,song_DLDC
fragment_JSSM,song_LIJL
fragment_TYBV,song_CJKN
fragment_PRIA,song_VXIQ
fragment_GJTP,song_LUYS
fragment_ROAT,song_JVED
fragment_QDZX,song_UVTU
fragment_QXCI,song_ECDC
fragment_NROU,song_VKLI
fragment_XRIZ,song_RQYD
fragment_WYFX,song_RNTF
fragment_HDEY,song_DKYI
fragment_GQCS,song_XFEO
fragment_LPNE,song_EDID
fragment_ELBG,song_GBAB
fragment_AYDL,song_FZOV
fragment_IDRN,song_DJNA
fragment_SHPN,song_LZOV
fragment_EXCR,song_PYYH
fragment_VOLE,song_QJII
fragment_NIWG,song_QHWZ
fragment_WOZA,song_DYPH
fragment_JQJK,song_TKVV
fragment_TIAK,song_WZMQ
fragment_NQUU,song_BGAE
fragment_WTQN,song_DKYI
fragment_LUZY,song_DKYI
fragment_IYBC,song_HLSU
fragment_JXFR,song_DGJE
fragment_EWPG,song_NCNN
fragment_BFNI,song_DCAT
fragment_MHYI,song_TMJQ
fragment_NALM,song_KBXZ
fragment_FKOE,song_UJLG
fragment_GZTA,song_OJKO
fragment_QKZO,song_BTEG
fragment_XPJX,song_GSWB
fragment_SAIM,song_QMLM
fragment_AMVC,song_QCKY
fragment_DXCL,song_TKVV
fragment_XSKE,song_MGCJ
fragment_ZKKW,song_XHFU
fragment_RFDB,song_RRDZ
fragment_ARRW,song_LTHX
fragment_KOVW,song_TUNE
fragment_EOKC,song_VHWT
fragment_IRAU,song_DBFW
fragment_TOFE,song_UIWL
fragment_JVIQ,song_SOOK
fragment_FSJG,song_CJKN
fragment_BDXI,song_ZFYN
fragment_PGNE,song_DLDC
fragment_DPYU,song_OTNR
fragment_LOEO,song_WXTK
fragment_YFYI,song_MZDV
fragment_UIHJ,song_TKVV
fragment_XFMC,song_VLOE
fragment_ZYDM,song_AZVD
fragment_RPDL,song_AVAM
fragment_DZYI,song_YLGU
fragment_DHAV,song_UODO
fragment_SITK,song_PFGS
fragment_UNVX,song_TUNE
fragment_XBSB,song_WVQF
fragment_ZPFE,song_LIJL
fragment_ZNGQ,song_MGCJ
fragment_NQOB,song_ZGJT
fragment_PLMG,song_BTYM
fragment_WPQA,song_VYCT
fragment_GQQN,song_MPNE
fragment_VTUK,song_VAST
fragment_ZLPL,song_GVCE
fragment_PBNJ,song_UIFH
fragment_HYQA,song_LKSX
fragment_CPOG,song_THXZ
fragment_WWXB,song_KQZZ
fragment_CXCE,song_YXTC
fragment_IOML,song_RTHN
fragment_IAKM,song_DYTM
fragment_QYZD,song_MFBP
fragment_CGZD,song_PYYH
fragment_XADD,song_TAZT
fragment_JVBP,song_SDLC
fragment_LOFL,song_IHIL
fragment_LKIJ,song_KQZZ
fragment_QBPU,song_NTVE
fragment_LEEE,song_BTAP
fragment_NZOU,song_NHWL
fragment_SBKD,song_QJII
fragment_TOIH,song_NQIW
fragment_BLBF,song_CKOK
fragment_DRGI,song_MLOY
fragment_ACIR,song_VAST
fragment_SDUL,song_NCNN
fragment_MVHC,song_GZSG
fragment_GENA,song_YXJJ
fragment_OIRQ,song_NRHJ
fragment_UKDD,song_MMYN
fragment_JBLC,song_WIYE
fragment_CWMB,song_UVTU
fragment_QUMM,song_RWCX
fragment_QZUV,song_NCNN
fragment_FVLL,song_HXXX
fragment_EBUL,song_DASU
fragment_ODZG,song_UTPA
fragment_IJLI,song_PXIX
fragment_HLAW,song_AKSA
fragment_TTGN,song_QYNV
fragment_EYJS,song_NOLZ
fragment_LWWM,song_BVWY
fragment_DLEV,song_KSPX
fragment_KSWF,song_MWYB
fragment_GZXH,song_LKTX
fragment_VGKL,song_BGAE
fragment_TPUJ,song_IUAE
fragment_WCMQ,song_UTDE
fragment_PSOM,song_MMYN
fragment_MUQH,song_ZCUM
fragment_QKIO,song_FCCS
fragment_ZURO,song_DGJE
fragment_KYGR,song_TSCC
fragment_KDCT,song_TUNE
fragment_PYSR,song_UOTB
fragment_ABBT,song_BGAE
fragment_PYWL,song_CMNJ
fragment_DVGK,song_TVTN
fragment_PJBZ,song_MBJZ
fragment_KJSW,song_UVTU
fragment_LVTY,song_EGYI
fragment_OMDH,song_YVKA
fragment_DLVD,song_RCQK
fragment_VOQZ,song_VTBX
fragment_WVMB,song_ENGH
fragment_TYYC,song_QKQU
fragment_ZULB,song_DQMM
fragment_UGNN,song_GVCE
fragment_GBPS,song_VYCT
fragment_GOYJ,song_MLOY
fragment_KHNI,song_NDYR
fragment_ETEF,song_VEKW
fragment_IUNC,song_QADB
fragment_IOAI,song_KALZ
fragment_ATMX,song_FZQX
fragment_HKGP,song_FWQN
fragment_NVXZ,song_MTVV
fragment_ZQEW,song_QFPF
fragment_PVOM,song_LZOV
fragment_WFLD,song_DCAT
fragment_OPRY,song_KHOR
fragment_KWDV,song_MTVV
fragment_OWXL,song_EQIE
fragment_ENJG,song_XMSF
fragment_FLGF,song_PVAN
fragment_XWAX,song_CCIL
fragment_ERBL,song_CKOK
fragment_BWHC,song_XFEO
fragment_QPMM,song_CDTU
fragment_QIHE,song_ZHWB
fragment_HBOG,song_OWML
fragment_UURI,song_TAZT
fragment_NELO,song_XWGF
fragment_CBIQ,song_IUAE
fragment_RGRH,song_KMEV
fragment_NPDV,song_GPRH
fragment_UQWK,song_ORHW
fragment_UEXK,song_XMSH
fragment_UFXY,song_QWNK
fragment_NOSS,song_JRMG
fragment_MCKY,song_EDQJ
fragment_KOVJ,song_QJJZ
fragment_LRDA,song_ZFUJ
fragment_EJWK,song_KMEV
fragment_SXWV,song_YBPW
fragment_ZZSN,song_ZYHP
fragment_VBKJ,song_ZXOQ
fragment_BOVC,song_YLGU
fragment_VONN,song_MPZL
fragment_CDVJ,song_ZWTG
fragment_FYAY,song_JPTF
fragment_UUGE,song_ZGSO
fragment_GYQD,song_EQIE
fragment_YMDV,song_BVBX
fragment_CXWS,song_QKQU
fragment_AAIA,song_DASU
fragment_ERZA,song_CDTU
fragment_GDXW,song_BTYM
fragment_HJWC,song_ZGJT
fragment_QUCB,song_LUYS
fragment_PEEY,song_RGWE
fragment_IXNN,song_JVFQ
fragment_YXBR,song_YXTC
fragment_DITA,song_THXZ
fragment_TVWY,song_YXJJ
fragment_HDFS,song_NLVL
fragment_HNJQ,song_PVAN
fragment_WFZW,song_KMHB
fragment_CUHO,song_FAJU
fragment_OOAM,song_AONU
fragment_QNLT,song_QMLM
fragment_USTX,song_TZCT
fragment_ISLE,song_NZUS
fragment_HNTS,song_HXXX
fragment_COUM,song_RMBG
fragment_EKKK,song_CJKN
fragment_SFWR,song_BTYM
fragment_WWRJ,song_KQVJ
fragment_QVDW,song_AONU
fragment_JGZF,song_CRYW
fragment_KDHP,song_HGWV
fragment_NLUT,song_TUNE
fragment_WIEL,song_JOYA
fragment_DJST,song_HLSU
fragment_EDST,song_HQZV
fragment_RWWK,song_GVCE
fragment_LSYJ,song_KALZ
fragment_ZGSH,song_NTVE
fragment_OKIG,song_FRWL
fragment_XWKS,song_DLDC
fragment_KWBV,song_MFBP
fragment_HOYN,song_PJSD
fragment_BMLO,song_SCZL
fragment_ULZN,song_SBHM
fragment_VBBZ,song_HIPX
fragment_EIXR,song_ZMVW
fragment_FOJO,song_GCRF
fragment_ONPW,song_JATZ
fragment_UVPM,song_ZGJT
fragment_QTNA,song_VLOE
fragment_UFTA,song_DCAT
fragment_YVIA,song_DCAT
fragment_QSKW,song_FKUU
fragment_MMHO,song_IIMX
fragment_WTZK,song_BGTR
fragment_DHMO,song_USQE
fragment_BRJN,song_WYNZ
fragment_SRZE,song_DJUD
fragment_LXRG,song_LLFQ
fragment_FGDR,song_NQCS
fragment_FSYK,song_YBPW
fragment_GAFQ,song_KQVJ
fragment_NGUY,song_SXPV
fragment_EOGG,song_BTEG
fragment_LYAJ,song_PIYE
fragment_RLYJ,song_JAXE
fragment_ZKFR,song_MMYN
fragment_RMHG,song_UYCV
fragment_LGYK,song_VTCE
fragment_OFNB,song_KSUG
fragment_ZXLH,song_KCBH
fragment_XIUS,song_NWGO
fragment_VLJZ,song_VAPZ
fragment_NBQE,song_RJGQ
fragment_CBVY,song_HIPX
fragment_QCEV,song_DBFW
fragment_FXNA,song_TIMY
fragment_NBGH,song_QKQU
fragment_ZVKH,song_EZHC
fragment_QBVP,song_RNPE
fragment_OVWV,song_ZGJT
fragment_KZIP,song_JJDR
fragment_VIID,song_LUZZ
fragment_SIKM,song_DGJE
fragment_TFCQ,song_CZSO
fragment_RCPL,song_FZOV
fragment_MYWX,song_VEUD
fragment_XJAI,song_XFEO
fragment_IZOV,song_EQIE
fragment_LDYY,song_RWOE
fragment_VGOY,song_BOUC
fragment_QASC,song_ZHWB
fragment_GSLE,song_GYLE
fragment_FCOG,song_SXPV
fragment_KCUV,song_VTBX
fragment_SNCT,song_EZUQ
fragment_SOOJ,song_ORJV
fragment_HPPE,song_WYDH
fragment_WPWO,song_RNTF
fragment_DLLV,song_NZUS
fragment_BCUH,song_LZOV
fragment_XUFV,song_SOJB
fragment_YTXT,song_SYUU
fragment_AUPU,song_CBPP
fragment_XEFW,song_KEUX
fragment_NPEP,song_NDYR
fragment_WQOA,song_AONU
fragment_ANFF,song_DFRJ
fragment_HVIN,song_QMLM
fragment_KTOR,song_AKSA
fragment_HPOB,song_VWGR
fragment_GWDQ,song_JPTF
fragment_LJQT,song_CRYW
fragment_IOUZ,song_LLFQ
fragment_SXOA,song_IIIG
fragment_TJUU,song_WQMV
fragment_CNHN,song_BTYM
fragment_GTXH,song_KBLN
fragment_IPXE,song_PVAB
fragment_QANO,song_PFQQ
fragment_MCDC,song_JVQR
fragment_FKNQ,song_XMSF
fragment_ABEI,song_SCEY
fragment_IXRU,song_DGJE
fragment_HLAY,song_NCNN
fragment_VIDD,song_AZVM
fragment_OBYD,song_FBUJ
fragment_JGWQ,song_GSWB
fragment_ZIND,song_CKZV
fragment_BFFT,song_GPRH
fragment_JOLR,song_DYPH
fragment_YLGZ,song_PXIX
fragment_WVRK,song_BTYM
fragment_DLVG,song_GIGR
fragment_YSHN,song_KALZ
fragment_JRQJ,song_UODO
fragment_GTLG,song_TZCT
fragment_LWYT,song_MBJZ
fragment_TCFL,song_SCEY
fragment_ROAN,song_SBHM
fragment_TPTP,song_RXSP
fragment_JDRB,song_NQIW
fragment_SRRM,song_UDOG
fragment_RTXN,song_CKZV
fragment_KWUY,song_KWUH
fragment_YUTS,song_TZCT
fragment_LSHB,song_KIGD
fragment_NRUB,song_MTAG
fragment_IEUM,song_GPRH
fragment_KBLX,song_BSUV
fragment_ZQES,song_JNUO
fragment_WTOR,song_YAYE
fragment_WSQT,song_FCEV
fragment_UTTO,song_QMLM
fragment_RZYS,song_NDYR
fragment_XZEK,song_TZGX
fragment_UYXF,song_UQII
fragment_AUKP,song_BGAE
fragment_UJZK,song_MKXN
fragment_MWZT,song_MBJZ
fragment_HGAA,song_NHWL
fragment_JIHD,NOT_FOUND
fragment_GNAJ,song_HXLC
fragment_KTHN,song_TVTN
fragment_BLVK,song_JUAO
fragment_OSND,song_JFHY
fragment_GLKY,song_VBNU
fragment_HYWR,song_EQVO
fragment_YTRK,song_VXVY
fragment_HEYN,song_HYFP
fragment_YOZK,song_WZMQ
fragment_ZTAH,song_DJUD
fragment_AJYE,song_KSPX
fragment_UDJA,song_ENGH
fragment_BDBM,song_FCEV
fragment_PGPY,song_BTEG
fragment_YTFG,song_OMTX
fragment_RAYY,song_JDCU
fragment_DIGL,song_AHBQ
fragment_XUPK,song_EZHC
fragment_JSTP,song_KWUH
fragment_PVOU,song_FQQV
fragment_EZUG,song_KEUX
fragment_YXHO,song_ORHW
fragment_FTCK,song_XNTN
fragment_MODG,song_UVCU
fragment_KEDM,song_PYYH
fragment_POCV,song_BUQF
fragment_XLLL,song_NHWL
fragment_IFUT,song_GRNK
fragment_RKLC,song_ZGJT
fragment_MZNU,song_ACJV
fragment_QFTI,song_OMTX
fragment_OEQE,song_VXIQ
fragment_IOAK,song_EXGR
fragment_YOHU,song_BAPE
fragment_LJMH,song_DASU
fragment_TNRR,song_ZBTD
fragment_GCHP,song_UCZR
fragment_LREX,song_NQIW
fragment_IASU,song_XMSH
fragment_BMWL,song_NQIW
fragment_YDYH,song_ZGJT
fragment_ENRR,song_JUCO
fragment_AKFX,song_MLOY
fragment_QPBA,song_LLFQ
fragment_SXDM,song_BJFN
fragment_DGIZ,song_AVAM
fragment_CCHH,song_UVTU
fragment_GKAZ,song_SCZL
fragment_BFTZ,song_ZBTD
fragment_DYKJ,song_VYCT
fragment_RKCN,song_DJUD
fragment_EYEC,song_WYNZ
fragment_FKPN,song_STBL
fragment_IPRB,song_AZVM
fragment_REJJ,song_FIUX
fragment_LEQJ,song_IQZO
fragment_MZJR,song_LMRA
fragment_EHTK,song_IUAE
fragment_VWDF,song_DKYI
fragment_AIAJ,song_VBNU
fragment_TLCR,song_UTDE
fragment_LPLK,song_ICKE
fragment_MTCY,song_HANM
fragment_FMZT,song_QZNI
fragment_PFEG,song_DZQB
fragment_OKHO,song_IIMX
fragment_LRZB,song_RRDZ
fragment_VCUM,song_CZCF
fragment_KVPG,song_UCZR
fragment_GDSY,song_USQE
fragment_UHHY,song_BXPI
fragment_BUZG,song_TZCT
fragment_ZHGZ,song_TZGX
fragment_QPON,song_RWOE
fragment_JRRT,song_KOKJ
fragment_OFJP,song_UDOG
fragment_MOSK,song_WYDH
fragment_WQLQ,song_PVAB
fragment_PQKS,song_IOYL
fragment_PFXA,song_KMHB
fragment_ORXU,song_QWNK
fragment_RPAW,song_UOKI
fragment_TPQK,song_CDTU
fragment_JIIK,song_BGTR
fragment_HZVK,song_QJJZ
fragment_QBBH,song_QJJZ
fragment_QTER,song_AVAM
fragment_MJEO,song_DBFW
fragment_NMWC,song_JRVQ
fragment_HQCN,song_XIAT
fragment_JALW,song_INUD
fragment_NWYZ,song_FAJU
fragment_TBZT,song_EEHT
fragment_DDBN,song_OQAO
fragment_JGIF,song_DGJE
fragment_JFOF,song_ACLF
fragment_GAZZ,song_WNUH
fragment_JFVV,song_BGAE
fragment_RQFR,song_AVAM
fragment_QUMQ,song_DBFW
fragment_CIQM,song_GWIO
fragment_LAVP,song_EWSQ
fragment_SSOB,song_EBWB
fragment_QMBJ,song_XEJE
fragment_TLYT,song_EXGR
fragment_CCOT,song_UVTU
fragment_NXSW,song_MZDV
fragment_DZCN,song_EGBA
fragment_GGON,song_DCAT
fragment_IPHO,song_FCCS
fragment_EERO,song_KALZ
fragment_BYGG,song_DLDC
fragment_SJGC,song_UYCV
fragment_CXML,song_XIDG
fragment_NGVL,song_EBWB
fragment_CAFK,song_CZSO
fragment_SDWX,song_XWGF
fragment_IRAI,song_TUNE
fragment_YFJH,song_UOLP
fragment_SWDI,song_SDLC
fragment_RUBB,song_HYFP
fragment_ESYC,song_DZQB
fragment_RGHX,song_UIFH
fragment_HZIK,song_RXSP
fragment_TBXI,song_VCZF
fragment_BJGF,song_LTHX
fragment_ZFFV,song_DGJE
fragment_JDEG,song_ZGSO
fragment_MDFX,song_LKKD
fragment_PAHE,song_TSTL
fragment_HXRI,song_TKVV
fragment_TFSI,song_PFGS
fragment_AIOW,song_VXVY
fragment_FALE,song_ZFYN
fragment_XZFE,song_VOWJ
fragment_UZRU,song_MOYS
fragment_OVYS,song_YCBN
fragment_BSUB,song_ZMIX
fragment_NLUO,song_DJNA
fragment_LJKG,song_UMDH
fragment_FOMR,song_DDDU
fragment_RSLY,song_RWOE
fragment_OUKX,song_UVTU
fragment_WVMZ,song_RMBO
fragment_XYXP,song_BTAP
fragment_JNEI,song_ZHWB
fragment_HBCL,song_JPTF
fragment_QCSH,song_GZSG
fragment_OCUH,song_KQVJ
fragment_YGUK,song_FJTF
fragment_CFYB,song_POFZ
fragment_NCSS,song_COFP
fragment_VHEB,song_PFGS
fragment_VYGU,song_QWNK
fragment_RFCN,song_RJGQ
fragment_OTWU,song_QJII
fragment_PQWQ,song_VAPZ
fragment_CCBL,song_CBPP
fragment_ZHMC,song_DQMM
fragment_REAH,song_ELSD
fragment_EYUH,song_PIYE
fragment_EVFG,song_DJUD
fragment_CVAA,song_ZXOQ
fragment_IRQQ,song_LTHX
fragment_RTYV,song_PVAN
fragment_TNFK,song_IIIG
fragment_WAXO,song_NWGO
fragment_MXHW,song_RWOE
fragment_RLKO,song_ZWTG
fragment_KOVA,song_FRWM
fragment_TKQE,song_HLSU
fragment_GLSI,song_MHEK
fragment_GXBB,song_UODO
fragment_WOQS,song_CZSO
fragment_WXAS,song_YAYE
fragment_KGSJ,song_EDID
fragment_VEJM,song_USQE
fragment_ITZS,song_ZXOQ
fragment_JVSL,song_MFBP
fragment_VICT,song_ECDC
fragment_KXVL,song_PFGS
fragment_SECQ,song_UVTU
fragment_CZON,song_RQYD
fragment_NWAM,song_BVWY
fragment_RXRB,song_JOYA
fragment_OJEI,song_ZYHP
fragment_KBJG,song_XFEO
fragment_UIDI,song_RWOE
fragment_ZRFB,song_VCRT
fragment_VYWR,song_DEUE
fragment_AHNU,song_ZMIX
fragment_TRHL,song_RJGQ
fragment_EHBB,song_BAPE
fragment_OGEX,song_PFGS
fragment_AZOD,song_ORJV
fragment_EUJB,song_INUD
fragment_ATFR,song_DJUD
fragment_EKJS,song_LZOV
fragment_UQUC,song_SYUU
fragment_MBRM,song_FCEV
fragment_CFNO,NOT_FOUND
fragment_PBPV,song_ZBTD
fragment_VBLB,song_WVQF
fragment_TFUK,song_TVDB
fragment_VYXA,song_ZGSO
fragment_MFLG,song_WYDH
fragment_AJGB,song_OWML
fragment_SWLV,song_BWFW
fragment_JZDU,song_DLDC
fragment_UJPZ,song_EPFT
fragment_JHOK,song_GZSG
fragment_LTZL,song_UDOG
fragment_JJNE,song_SASD
fragment_MAEC,song_OWXD
fragment_TYWF,song_OTNR
fragment_NSWR,song_BFEM
fragment_QZMQ,song_YEUQ
fragment_IKST,song_VHWT
fragment_EAPN,song_UIFH
fragment_YNDM,song_MGCJ
fragment_SNFO,song_UVCU
fragment_IEQV,song_WXTK
fragment_DHTX,song_GYLE
fragment_QRKI,song_FUPV
fragment_HEXT,song_TUNE
fragment_GSOY,song_OFAG
fragment_PXDQ,song_CJBP
fragment_ZVYR,song_VWTJ
fragment_LHIB,song_NWGO
fragment_QGZF,song_CCIL
fragment_TOTE,song_BXPI
fragment_FQDH,song_WYDH
fragment_RNHF,song_AHBQ
fragment_LNDE,song_PIYE
fragment_GRTO,song_COFP
fragment_NJBB,song_BOUC
fragment_NVVW,song_WUGN
fragment_UDXN,song_OJIO
fragment_MLPN,song_MWYB
fragment_TTNI,song_FRWM
fragment_MUTT,song_NKSU
fragment_PCJB,song_FRWL
fragment_MWSU,song_UVTU
fragment_JUFO,song_FCCS
fragment_RNYQ,song_QHWZ
fragment_RVBI,song_UDWN
fragment_SZZN,song_ACLF
fragment_ZNNV,song_MTVV
